,Unnamed: 0,time,values
0,0,0,-0.16900333957997596
1,1,1,-0.15744469465196667
2,2,2,-0.03668368438927834
3,3,3,-0.36135837951304306
4,4,4,0.05895051153538866
5,5,5,0.34264394569318674
6,6,6,0.10288228414016864
7,7,7,0.27410331323480386
8,8,8,0.2524664632863515
9,9,9,0.12700392019596396
10,10,10,0.10272929459070068
11,11,11,0.18199476325503483
12,12,12,0.5010024858755968
13,13,13,0.3970085010971848
14,14,14,0.24174706672359908
15,15,15,0.6448408306361272
16,16,16,0.2174823567486256
17,17,17,0.9152759369300912
18,18,18,0.732669361334914
19,19,19,0.4561223660088045
20,20,20,0.9154968401606415
21,21,21,0.5034617804805699
22,22,22,0.8249157203419349
23,23,23,0.7190659807065969
24,24,24,0.6628628350185348
25,25,25,0.6820422703277548
26,26,26,0.6905161102706836
27,27,27,1.123296123423065
28,28,28,0.43929126486549186
29,29,29,0.5720395386369831
30,30,30,0.8273399580370222
31,31,31,0.582870364195376
32,32,32,1.0620967806057633
33,33,33,1.1756016082661336
34,34,34,1.149409916791251
35,35,35,0.653058647158138
36,36,36,0.872769589837879
37,37,37,0.5952465280471048
38,38,38,0.1334329477556765
39,39,39,0.25894098964157664
40,40,40,0.6912367649750886
41,41,41,0.7242867114376237
42,42,42,0.6503196081141707
43,43,43,0.2828922278147589
44,44,44,0.6581234158052973
45,45,45,0.49369022560345255
46,46,46,0.6670506687851396
47,47,47,0.2602941010126519
48,48,48,0.610159914570481
49,49,49,0.4243986855960833
50,50,50,0.38384082029152655
51,51,51,0.2254923752097076
52,52,52,-0.19456871131180442
53,53,53,0.5978589282308877
54,54,54,0.1019395485322852
55,55,55,0.37078519124426534
56,56,56,0.10327178447349078
57,57,57,0.0589981507293279
58,58,58,0.17087257307277418
59,59,59,0.19305811201012218
60,60,60,-0.3271234963574924
61,61,61,-0.5356013081917645
62,62,62,0.07175457192812644
63,63,63,-0.08506060371913078
64,64,64,-0.16099349420336695
65,65,65,-0.528341987296395
66,66,66,-0.3640413863752249
67,67,67,-0.22990188633021222
68,68,68,-0.2687339013659614
69,69,69,-0.9069029126690415
70,70,70,-0.8109010150519154
71,71,71,-0.6363721687175761
72,72,72,-0.8404924172330297
73,73,73,-0.8131976280018559
74,74,74,-0.9062219269424416
75,75,75,-0.33183822091819454
76,76,76,-0.8496999387129576
77,77,77,-0.8082185924505614
78,78,78,-1.2387283974286563
79,79,79,-0.6683516205866169
80,80,80,-0.7880543509425155
81,81,81,-1.0128933917487437
82,82,82,-1.0895318830111924
83,83,83,-1.0574883525243999
84,84,84,-0.6375240100547905
85,85,85,-1.317176537425593
86,86,86,-1.1739892449463183
87,87,87,-1.1746204629100936
88,88,88,-1.487130149741855
89,89,89,-1.271659311394417
90,90,90,-0.7001010393243257
91,91,91,-1.289023719398509
92,92,92,-1.2145246640922733
93,93,93,-0.9702298463432039
94,94,94,-0.9658296778819737
95,95,95,-1.1534081083930494
96,96,96,-1.0504612791634873
97,97,97,-1.6867087394321474
98,98,98,-1.5114111281441505
99,99,99,-1.064451128272942
100,100,100,-1.1003988146786978
101,101,101,-1.3665536856919018
102,102,102,-0.9880588126417252
103,103,103,-1.4840247711165535
104,104,104,-1.156608994642807
105,105,105,-1.084907223924563
106,106,106,-1.1752469033368786
107,107,107,-1.1289437677636607
108,108,108,-1.060926380827857
109,109,109,-1.1362673482725103
110,110,110,-0.555564670625847
111,111,111,-0.859789079056158
112,112,112,-0.6945976256778218
113,113,113,-0.85350884940588
114,114,114,-0.4843548804325992
115,115,115,-0.6769640903752678
116,116,116,-0.789348460060165
117,117,117,-0.7163625210527163
118,118,118,-0.7846785111051804
119,119,119,-0.14900805447237186
120,120,120,-0.6488346694803746
121,121,121,0.041503535356794685
122,122,122,-0.39888256289140017
123,123,123,-0.16408265994513607
124,124,124,-0.502952483930735
125,125,125,0.10248587972399614
126,126,126,-0.1951411067235717
127,127,127,-0.09871743275956671
128,128,128,0.10828978007583545
129,129,129,0.25226890724994433
130,130,130,0.13185862946588567
131,131,131,-0.20073667153529628
132,132,132,0.6073177828088807
133,133,133,0.08922701772928222
134,134,134,-0.3532881227078521
135,135,135,0.3040843268424429
136,136,136,-0.13245058858926095
137,137,137,0.17866602902131934
138,138,138,0.17636357621515458
139,139,139,0.6967620022822347
140,140,140,0.33104148808393324
141,141,141,0.7714887227476448
142,142,142,0.5739225889834968
143,143,143,0.6389978402559771
144,144,144,0.19069717852350382
145,145,145,0.5349464893123594
146,146,146,0.5939269071486272
147,147,147,0.8589925532670377
148,148,148,0.4013237731652948
149,149,149,0.9836544285312011
150,150,150,0.8066268200788919
151,151,151,0.8991496191215677
152,152,152,0.7614533413564314
153,153,153,0.5523005312505674
154,154,154,0.9195366859356816
155,155,155,0.5813289020494017
156,156,156,0.697906420008737
157,157,157,0.804586227234573
158,158,158,1.5466304322078064
159,159,159,0.8657423967354917
160,160,160,0.7094755689877288
161,161,161,0.5271369586421133
162,162,162,0.9064446756100963
163,163,163,0.45067899404546513
164,164,164,1.0574621443473977
165,165,165,0.6596976340104234
166,166,166,1.0526236413565415
167,167,167,0.9077210513983213
168,168,168,1.1251949459716932
169,169,169,0.3851181149953224
170,170,170,0.7381696218826459
171,171,171,0.29439755548831126
172,172,172,0.6009706211597601
173,173,173,0.3638915154794691
174,174,174,0.8262209621565475
175,175,175,0.4318107822814473
176,176,176,0.6196436389772162
177,177,177,0.5144164886280219
178,178,178,0.16161743555583374
179,179,179,0.026856150152255287
180,180,180,0.23085728693944063
181,181,181,0.15622856326802836
182,182,182,-0.22016613783241973
183,183,183,0.022688590900150324
184,184,184,0.16210606240233422
185,185,185,0.04460863164173674
186,186,186,-0.06564641977186816
187,187,187,-0.05735209351780783
188,188,188,0.11924224398379052
189,189,189,0.06532958810604389
190,190,190,-0.9731951070100052
191,191,191,-0.3631187809801256
192,192,192,-0.38413932491278086
193,193,193,-0.20175002131242942
194,194,194,0.042936364962013196
195,195,195,-0.6029007481301776
196,196,196,-0.8728070923557698
197,197,197,-0.7963510326006308
198,198,198,-0.5472713790582502
199,199,199,-0.7147610190649338
200,200,200,-0.6298991738235153
201,201,201,-1.2332489995934757
202,202,202,-0.8907210265730326
203,203,203,-0.870381062675872
204,204,204,-0.6834610345314007
205,205,205,-0.9870085480678421
206,206,206,-1.1135879500062646
207,207,207,-0.4216822488040034
208,208,208,-0.6519128637267407
209,209,209,-0.9951119181930248
210,210,210,-0.9977147373505247
211,211,211,-1.205556950562187
212,212,212,-0.9742382696066008
213,213,213,-1.1227741130437012
214,214,214,-1.1166119962151866
215,215,215,-1.267123654148204
216,216,216,-1.1738690329560548
217,217,217,-1.1135904383081827
218,218,218,-1.5183848461570784
219,219,219,-1.9381217633540613
220,220,220,-1.4971929924252425
221,221,221,-1.5050838688271047
222,222,222,-1.3611581121331897
223,223,223,-1.4498283742784257
224,224,224,-1.3559859979472273
225,225,225,-1.1185181210034498
226,226,226,-1.2432416597417835
227,227,227,-1.403301487565285
228,228,228,-0.8753729285370169
229,229,229,-1.2321532320871034
230,230,230,-0.9808894911582438
231,231,231,-0.8275605290429148
232,232,232,-0.7963247897972562
233,233,233,-0.7844659343781712
234,234,234,-1.2812771899652047
235,235,235,-0.7734840189519394
236,236,236,-0.7662395221768752
237,237,237,-0.7250998034676346
238,238,238,-1.041954584203877
239,239,239,-0.6746623818335634
240,240,240,-0.678488598121347
241,241,241,-0.7374150457415973
242,242,242,-0.1068016782750833
243,243,243,-0.7821040496003719
244,244,244,-0.16428103370851957
245,245,245,-0.5320929513821248
246,246,246,-0.5725650721039597
247,247,247,-0.5017039156626694
248,248,248,-0.2499726170971204
249,249,249,-0.31090752453548054
250,250,250,-0.11597276719604288
251,251,251,-0.41982098421468195
252,252,252,0.21557715381304401
253,253,253,-0.08475994483555051
254,254,254,0.03130650521506023
255,255,255,-0.005413318346397744
256,256,256,0.28742893668536734
257,257,257,0.5176458772018679
258,258,258,0.18240854416148028
259,259,259,0.26101756720657077
260,260,260,0.05595172703319201
261,261,261,0.12932277093141115
262,262,262,0.15202088174238942
263,263,263,0.03470003796885013
264,264,264,0.23367562482646226
265,265,265,0.5336380058582203
266,266,266,0.09895954472481683
267,267,267,0.6025210909051195
268,268,268,0.5135300970265895
269,269,269,0.7051992417009332
270,270,270,0.5328818725976763
271,271,271,0.49137471099994584
272,272,272,0.6439351225334593
273,273,273,0.5956019506466026
274,274,274,0.6834668566272412
275,275,275,0.6944656015037414
276,276,276,0.30349363377897376
277,277,277,0.7102408824004323
278,278,278,1.1000108217901858
279,279,279,0.7141581704925971
280,280,280,0.6545706617383349
281,281,281,0.7251894504984773
282,282,282,0.7785158300516978
283,283,283,0.9825034661726474
284,284,284,0.9513528306216268
285,285,285,0.9192086945048663
286,286,286,0.4937655939764951
287,287,287,0.39413850381249305
288,288,288,0.6721246754019508
289,289,289,0.8682282511989861
290,290,290,0.6283111696975001
291,291,291,0.41691830127895824
292,292,292,0.42799293048332754
293,293,293,0.7818577445645277
294,294,294,0.9498426053089108
295,295,295,0.6862614289902038
296,296,296,0.8356400323605208
297,297,297,0.6788715802025325
298,298,298,0.53267986539106
299,299,299,0.5900858390546084
300,300,300,0.7125815941171327
301,301,301,-0.026391613703344197
302,302,302,0.7465864073500899
303,303,303,0.2811313890083924
304,304,304,0.06549700648776624
305,305,305,0.22457393607868614
306,306,306,0.4961866230687973
307,307,307,-0.1394266203395389
308,308,308,-0.1514178179088163
309,309,309,0.18776884991767478
310,310,310,0.1316097986947765
311,311,311,-0.32209641050668797
312,312,312,0.24117529569559207
313,313,313,-0.3443509786336505
314,314,314,-0.24703714493509876
315,315,315,-0.22320803238239406
316,316,316,-0.2261351563102049
317,317,317,-0.5945400996454981
318,318,318,-0.6277394697911487
319,319,319,-0.6472331530012415
320,320,320,-0.5201770215891512
321,321,321,-0.4152589813770533
322,322,322,-0.6456258024475832
323,323,323,-0.7394971309492517
324,324,324,-0.43705718541565364
325,325,325,-0.6287121891583582
326,326,326,-1.0352857731274585
327,327,327,-1.0368883158798063
328,328,328,-0.6542944431895319
329,329,329,-0.7330195812799694
330,330,330,-0.8056908737908028
331,331,331,-1.1342991481706415
332,332,332,-0.803451469233054
333,333,333,-1.2427848814278222
334,334,334,-1.0074141344173544
335,335,335,-1.0077678214819925
336,336,336,-1.4025034005859394
337,337,337,-1.4921481157673482
338,338,338,-1.2098587295883003
339,339,339,-1.4525138573346437
340,340,340,-1.23125779456603
341,341,341,-1.2995072511486645
342,342,342,-1.5315970218632387
343,343,343,-1.130689256108436
344,344,344,-1.4975708482541297
345,345,345,-0.7771816043543639
346,346,346,-1.1605552452000591
347,347,347,-1.0369882787251867
348,348,348,-0.977512469050628
349,349,349,-1.3150238292981802
350,350,350,-1.5648643335847396
351,351,351,-1.228293377270472
352,352,352,-1.190554223211075
353,353,353,-1.2892555887932653
354,354,354,-1.1338924837801623
355,355,355,-0.7379325897343452
356,356,356,-1.027630976826358
357,357,357,-1.0896256840927592
358,358,358,-1.0775671549047643
359,359,359,-0.6693530910199283
360,360,360,-1.0899870515021899
361,361,361,-1.0899360206765565
362,362,362,-0.9384589525114854
363,363,363,-0.8487207747586937
364,364,364,-0.6524346443665129
365,365,365,-0.7197164669950444
366,366,366,-0.6225406605894687
367,367,367,-0.878487621372139
368,368,368,-0.8560542065139987
369,369,369,-0.9548863091048871
370,370,370,-0.45600200230075033
371,371,371,-0.2373585676788458
372,372,372,-0.7397346465618861
373,373,373,-0.3767652273987503
374,374,374,-0.024000022519254288
375,375,375,-0.37899982933593923
376,376,376,-0.2941613596087713
377,377,377,0.055932499719063736
378,378,378,-0.0817025785193039
379,379,379,-0.015155042660989146
380,380,380,0.06549681784519971
381,381,381,0.16430840235674143
382,382,382,0.0249244669376065
383,383,383,0.710731047335029
384,384,384,0.34854040377302986
385,385,385,0.5183293254367786
386,386,386,0.5350274283090305
387,387,387,0.2709024038075104
388,388,388,0.4014561321304423
389,389,389,0.6960677666851217
390,390,390,0.5187797168454049
391,391,391,0.4656690415610222
392,392,392,0.37089673896314856
393,393,393,0.8608665321620785
394,394,394,0.6914436458798243
395,395,395,0.7420993791940036
396,396,396,0.8246154901096626
397,397,397,0.9765430479638664
398,398,398,0.02425884771965825
399,399,399,1.0211069364085155
400,400,400,0.8619021532286835
401,401,401,1.0780811481347292
402,402,402,0.7849212747506635
403,403,403,0.9214832860219093
404,404,404,0.6716629747368386
405,405,405,0.6002881433137717
406,406,406,1.1936131209849035
407,407,407,0.9160924353289989
408,408,408,0.6888087114361269
409,409,409,0.6895875726802683
410,410,410,0.5516491359651232
411,411,411,0.9520169764054165
412,412,412,0.7838773200998698
413,413,413,0.8321578347268379
414,414,414,0.7050625199403688
415,415,415,0.5027474593451712
416,416,416,0.6387012469890065
417,417,417,0.8610644898987152
418,418,418,0.7891714175670547
419,419,419,0.2793600552301363
420,420,420,0.9340074918116821
421,421,421,0.4096059502675948
422,422,422,0.4191198083597053
423,423,423,0.6204814094355733
424,424,424,0.1964632842130194
425,425,425,0.20302990108812252
426,426,426,0.5001567039231367
427,427,427,0.11968169721688965
428,428,428,0.3417913716614456
429,429,429,0.022938977242924707
430,430,430,0.11815701588831867
431,431,431,0.1492693144466986
432,432,432,0.2926116941931517
433,433,433,-0.032470898184824515
434,434,434,0.34203092742568886
435,435,435,-0.016522455231246402
436,436,436,-0.12992229815148879
437,437,437,0.09491544745436044
438,438,438,-0.17326851912382954
439,439,439,0.17506482711482335
440,440,440,0.03676844870508946
441,441,441,-0.16560353285724339
442,442,442,-0.309616051273948
443,443,443,-0.09065020890426359
444,444,444,-0.7654803803929813
445,445,445,-0.3085645220700399
446,446,446,-0.6594758837147933
447,447,447,-0.14340677425364523
448,448,448,-0.8847173683462437
449,449,449,-0.45990350697460236
450,450,450,-0.5137017214768747
451,451,451,-0.9343696859264077
452,452,452,-0.8635675578424467
453,453,453,-0.774275938967513
454,454,454,-0.8972753434220222
455,455,455,-0.9474598880676295
456,456,456,-1.2213151884624232
457,457,457,-0.9835379328231657
458,458,458,-1.1399049832726542
459,459,459,-0.95928787647155
460,460,460,-1.3362055056663364
461,461,461,-1.3293317329511933
462,462,462,-0.7322994027446644
463,463,463,-1.2896581968261351
464,464,464,-0.9584057078557175
465,465,465,-1.4633452535161275
466,466,466,-0.8631700985392241
467,467,467,-1.6106519791190517
468,468,468,-0.9507855608978126
469,469,469,-1.6174472297640243
470,470,470,-1.2324235157619674
471,471,471,-1.3703764265091727
472,472,472,-0.8014869170186105
473,473,473,-1.3788019126661872
474,474,474,-1.104411162071139
475,475,475,-1.2054559956516633
476,476,476,-1.1282820436618726
477,477,477,-0.9430436628046228
478,478,478,-1.059452350178467
479,479,479,-1.1044955487950636
480,480,480,-0.6658082832374769
481,481,481,-1.085231785361128
482,482,482,-0.9711896115072364
483,483,483,-1.1957250785599889
484,484,484,-1.1941588671608452
485,485,485,-1.2755610667871187
486,486,486,-1.0887212973510207
487,487,487,-1.3233153740156935
488,488,488,-1.1561648814287904
489,489,489,-0.9961267815376577
490,490,490,-1.0822324907127467
491,491,491,-0.7974041287487816
492,492,492,-0.9223704951171137
493,493,493,-0.3780823302950731
494,494,494,-0.8342127770112886
495,495,495,-0.5663854421841665
496,496,496,-0.8610960271689394
497,497,497,-0.5923875177196595
498,498,498,-0.7423170075888947
499,499,499,-0.5117341315653328
500,500,500,-0.7457162573504923
501,501,501,-0.7615258278409551
502,502,502,-0.4456702830774832
503,503,503,-0.14303926217726257
504,504,504,-0.3241114986961764
505,505,505,0.24161222981680253
506,506,506,0.26123491718813496
507,507,507,0.005050492761125264
508,508,508,0.00023950175697901033
509,509,509,0.21513176437629236
510,510,510,-0.24766826887284302
511,511,511,0.5359583571849488
512,512,512,0.41188158234731553
513,513,513,0.3764250043355258
514,514,514,0.6799289882737525
515,515,515,0.26001333113919617
516,516,516,0.5930339462211747
517,517,517,0.37212490137859466
518,518,518,0.22795175184370586
519,519,519,0.38023745910213935
520,520,520,0.9011452992472531
521,521,521,0.5554927425176102
522,522,522,0.6424570384358503
523,523,523,0.8680525808523312
524,524,524,0.5096443844777891
525,525,525,0.5983641859913347
526,526,526,0.87746361582918
527,527,527,0.9207083048915063
528,528,528,0.5369534388336952
529,529,529,0.7223762111682198
530,530,530,0.7104933142517975
531,531,531,0.5391078068212236
532,532,532,0.830342046138924
533,533,533,0.821744459266387
534,534,534,0.5849259358501623
535,535,535,0.7898676307908048
536,536,536,0.6174599210695034
537,537,537,0.8161700568412698
538,538,538,0.6270019743511414
539,539,539,0.9002377068330754
540,540,540,0.9686299450112412
541,541,541,0.6738002160936918
542,542,542,1.010724212313239
543,543,543,0.7715093488031902
544,544,544,0.6415277946530602
545,545,545,0.5808496750732463
546,546,546,0.5792459845882816
547,547,547,0.7104439415720853
548,548,548,0.3481630482823322
549,549,549,0.45314248957265046
550,550,550,0.20468070406409977
551,551,551,0.6427777877142424
552,552,552,0.5496077793879084
553,553,553,0.4618081586891708
554,554,554,0.6623395854053566
555,555,555,0.23110412328244923
556,556,556,0.4443388135324707
557,557,557,0.2719022096959911
558,558,558,0.3403425749158535
559,559,559,-0.0371887747476109
560,560,560,0.08476365194656152
561,561,561,-0.39646644965844396
562,562,562,0.16441916572080897
563,563,563,-0.30136492746855803
564,564,564,-0.2829313998026895
565,565,565,-0.46264745172989596
566,566,566,-0.3447050340353532
567,567,567,-0.20694845177150462
568,568,568,-0.5444308156885467
569,569,569,-0.4391459432214143
570,570,570,-0.26484259495442697
571,571,571,-0.4259564555801729
572,572,572,-0.6283562139512074
573,573,573,-0.7049519951107135
574,574,574,-0.7163727530723161
575,575,575,-0.5883107237341995
576,576,576,-0.8272663652538274
577,577,577,-0.7491401298255057
578,578,578,-0.5210446175367481
579,579,579,-1.125442984678638
580,580,580,-1.0171157752285371
581,581,581,-1.2278329344751762
582,582,582,-0.6247054482025558
583,583,583,-1.2891319472236937
584,584,584,-0.9007113409738461
585,585,585,-1.462409443939724
586,586,586,-0.6901100586745236
587,587,587,-0.8495791822805332
588,588,588,-0.648530373228438
589,589,589,-1.0915626000620984
590,590,590,-1.0347213715033585
591,591,591,-1.1317875360162464
592,592,592,-1.0685718905696104
593,593,593,-1.1550931232266277
594,594,594,-1.1768788037192255
595,595,595,-0.8371618799198501
596,596,596,-1.1304546745362276
597,597,597,-1.1563681854700256
598,598,598,-1.4789968546354935
599,599,599,-1.6025731064504984
600,600,600,-1.0227059134176837
601,601,601,-0.7353838900505314
602,602,602,-1.2378819054514643
603,603,603,-1.4595247391927477
604,604,604,-1.2224784553477401
605,605,605,-1.2772950227434223
606,606,606,-1.2276889193071314
607,607,607,-1.6126740144628735
608,608,608,-0.9220002371986145
609,609,609,-0.9596730415601168
610,610,610,-1.076121038613795
611,611,611,-1.063173054554621
612,612,612,-0.9402069582700697
613,613,613,-0.6077183921915447
614,614,614,-1.0673671349634766
615,615,615,-1.1439305648103626
616,616,616,-0.8332385469264203
617,617,617,-0.9290473154086045
618,618,618,-0.9195858633207743
619,619,619,-0.5464614170488183
620,620,620,-0.33483111011817074
621,621,621,-0.40371762948226453
622,622,622,-0.12215501212993968
623,623,623,-0.5924850741633515
624,624,624,-0.17580610183963846
625,625,625,-0.1892757765908927
626,626,626,-0.16545046007142267
627,627,627,-0.25490335720510326
628,628,628,-0.0077882196441490525
629,629,629,0.095313050043105
630,630,630,-0.3253748765815375
631,631,631,-0.43676603561615734
632,632,632,-0.061586676716014394
633,633,633,0.20270494594305907
634,634,634,0.1731377065090723
635,635,635,0.11087080633899593
636,636,636,0.5205394949417805
637,637,637,0.27332568725400874
638,638,638,0.17661138068766025
639,639,639,0.8669489202362148
640,640,640,0.4348586569163895
641,641,641,0.2018774678951344
642,642,642,0.2042201702359272
643,643,643,0.8137337630075903
644,644,644,0.4325017859383924
645,645,645,0.7046872934532707
646,646,646,0.4806394551780268
647,647,647,0.5992068079308324
648,648,648,0.350583702043191
649,649,649,0.6755439525089657
650,650,650,1.0087507124342305
651,651,651,0.367200977536823
652,652,652,0.7683763924476447
653,653,653,0.6808083409924346
654,654,654,0.6873779797704178
655,655,655,0.9815905784636473
656,656,656,0.4853059460922108
657,657,657,0.6723592822267206
658,658,658,0.6430011311104128
659,659,659,0.6622739703526548
660,660,660,0.9744023823164963
661,661,661,0.690534798880394
662,662,662,0.7451981620448771
663,663,663,0.7618802510479948
664,664,664,1.012463187739413
665,665,665,0.5545490265285377
666,666,666,0.45101648241168324
667,667,667,1.0688415121087391
668,668,668,0.7511014337548108
669,669,669,0.3780119817357273
670,670,670,0.7721327955978146
671,671,671,0.39838133580807983
672,672,672,0.34387363713531865
673,673,673,0.684060345494345
674,674,674,0.6860501031091029
675,675,675,0.5654042366696594
676,676,676,0.4250781490307788
677,677,677,0.5419053235208331
678,678,678,0.4977776558606075
679,679,679,0.12670013347997366
680,680,680,0.34570011213644997
681,681,681,-0.18112050640459343
682,682,682,0.0686686290191677
683,683,683,0.7710227675376204
684,684,684,-0.05703585529721761
685,685,685,-0.07934573136391859
686,686,686,0.4854562486908649
687,687,687,0.4151062874111538
688,688,688,0.19434175829540537
689,689,689,-0.09649177630480266
690,690,690,-0.5723259804579618
691,691,691,-0.09010461479901825
692,692,692,-0.18150433545692202
693,693,693,-0.39237955759511006
694,694,694,-0.4200395507806822
695,695,695,-0.5567916506153994
696,696,696,-0.5213156234376936
697,697,697,-0.5379052370082209
698,698,698,-0.3311836588384319
699,699,699,-0.7468770779648163
700,700,700,-0.6399541143635336
701,701,701,-0.46801068543203117
702,702,702,-0.9254723156003879
703,703,703,-0.5553692963574411
704,704,704,-0.6655380693589306
705,705,705,-0.8218726276659893
706,706,706,-0.8879379291709186
707,707,707,-1.056064141019211
708,708,708,-1.2272174116996215
709,709,709,-0.7594447114509495
710,710,710,-0.9665129540509898
711,711,711,-1.2647334232952478
712,712,712,-1.0350100475345094
713,713,713,-0.9824319311906552
714,714,714,-1.0276435930054464
715,715,715,-1.0156843805164173
716,716,716,-1.211331189145823
717,717,717,-1.1866653362762336
718,718,718,-1.1809939777783267
719,719,719,-1.1304343144596536
720,720,720,-1.4139983214727543
721,721,721,-0.8469025428437
722,722,722,-1.194548320874908
723,723,723,-1.1445095815559247
724,724,724,-1.594914217751094
725,725,725,-1.4710445941767827
726,726,726,-0.9670383471600278
727,727,727,-1.2432286411729996
728,728,728,-1.308177194389493
729,729,729,-1.363973124556614
730,730,730,-0.8225852441148997
731,731,731,-1.0633734492160636
732,732,732,-1.0069078316511753
733,733,733,-0.7639689204357724
734,734,734,-1.0722113342319273
735,735,735,-0.8542324258212198
736,736,736,-0.6537115328731784
737,737,737,-1.0840017258739716
738,738,738,-0.5222444554336332
739,739,739,-0.8922814027661347
740,740,740,-0.7227395457171606
741,741,741,-1.2167521838172508
742,742,742,-0.2558011145019838
743,743,743,-0.6894461794200719
744,744,744,-0.3385787637913252
745,745,745,-0.5807201010718862
746,746,746,-0.945376466363369
747,747,747,-0.6116478520180214
748,748,748,-0.024132676321311414
749,749,749,-0.482497059567471
750,750,750,-0.4249795541987478
751,751,751,-0.40767140414415526
752,752,752,-0.6031912977293566
753,753,753,-0.44185693052167335
754,754,754,-0.6233355691710245
755,755,755,0.1806817730602727
756,756,756,-0.15526404905928443
757,757,757,-0.22398746819662058
758,758,758,0.2074883646422601
759,759,759,0.3650261680826673
760,760,760,0.21724674299946342
761,761,761,0.0769774215267367
762,762,762,0.06163140330854386
763,763,763,0.47783870864966116
764,764,764,0.06458383507503906
765,765,765,0.10797988321879054
766,766,766,0.30469459312645236
767,767,767,0.10159903245758184
768,768,768,0.4678256075883405
769,769,769,0.93403161703141
770,770,770,1.0537342269633356
771,771,771,0.5078171727646963
772,772,772,0.6759356324932152
773,773,773,0.37006360100212843
774,774,774,0.7691335121269998
775,775,775,0.8845092595375681
776,776,776,0.6665101221949015
777,777,777,0.2515408074354384
778,778,778,0.3104747254712583
779,779,779,0.3792206593459754
780,780,780,0.3410711188516691
781,781,781,1.0865227862736357
782,782,782,1.0272655819334244
783,783,783,0.6019163715577023
784,784,784,0.8429383307466751
785,785,785,0.6269549882190018
786,786,786,0.5880233145908755
787,787,787,1.3376265287445193
788,788,788,0.600733136046721
789,789,789,0.5412745548656044
790,790,790,0.6517328581858741
791,791,791,0.6563215612915743
792,792,792,0.8418672619749161
793,793,793,0.46146121854488564
794,794,794,0.7913481671371194
795,795,795,0.6986877716351779
796,796,796,0.8451251225105509
797,797,797,0.6769993632435929
798,798,798,0.6054979542082017
799,799,799,0.03392612086571467
800,800,800,0.586436083189199
801,801,801,0.030633138448035502
802,802,802,0.36699529011583815
803,803,803,0.4116314771012495
804,804,804,0.25447093833643936
805,805,805,0.6470912750539035
806,806,806,0.14940173014343916
807,807,807,0.4435286655763224
808,808,808,0.2903061985618125
809,809,809,0.5046941413773414
810,810,810,0.26131295683863487
811,811,811,0.004799546494021811
812,812,812,-0.005592564924907173
813,813,813,-0.08486663444117448
814,814,814,-0.45347697305154944
815,815,815,-0.4173244955621482
816,816,816,-0.26217748373114846
817,817,817,-0.044928531163665394
818,818,818,0.1381181951966408
819,819,819,-0.19943575984854572
820,820,820,-0.5663698544884248
821,821,821,-0.21769036891436136
822,822,822,-0.30449720638005406
823,823,823,-0.2529277003021744
824,824,824,-0.35930001128507144
825,825,825,-0.42752638868751064
826,826,826,-0.6828034118548469
827,827,827,-0.9972719849928128
828,828,828,-0.5307326265305989
829,829,829,-0.9607869152780486
830,830,830,-0.7541991323658847
831,831,831,-1.0383340042379126
832,832,832,-0.8140998941501258
833,833,833,-0.7077495548029917
834,834,834,-1.0544351171721495
835,835,835,-0.8440332648016127
836,836,836,-1.1668557930521546
837,837,837,-1.2921348012424427
838,838,838,-1.0027565960094091
839,839,839,-0.8014713324757401
840,840,840,-0.9735039950276523
841,841,841,-1.3625784484473904
842,842,842,-1.2050937160817536
843,843,843,-1.1451810412606322
844,844,844,-1.2426925394346737
845,845,845,-1.2334110041685642
846,846,846,-1.0633648531201785
847,847,847,-1.3632932309174528
848,848,848,-1.3706930856332138
849,849,849,-1.1976130893642187
850,850,850,-1.0639042760924466
851,851,851,-1.2528873422441538
852,852,852,-1.4460631491594815
853,853,853,-1.629038959477977
854,854,854,-1.6143721616247377
855,855,855,-0.8371434642811955
856,856,856,-1.2313289935781282
857,857,857,-0.9942817522560525
858,858,858,-1.2638474766464884
859,859,859,-0.8380420779198003
860,860,860,-0.9827284327356873
861,861,861,-1.1096117772429568
862,862,862,-0.8729167322188741
863,863,863,-0.8753758192968961
864,864,864,-1.0697734545599558
865,865,865,-0.7086811089412873
866,866,866,-0.9243972949539334
867,867,867,-0.9296601181395425
868,868,868,-1.0207350649406237
869,869,869,-0.938727773702032
870,870,870,-0.7152443174956689
871,871,871,-0.7011107852257219
872,872,872,-0.5042880518374753
873,873,873,-0.22990381722231518
874,874,874,-0.3502443346828678
875,875,875,-0.4448822824442894
876,876,876,-0.2995046539794111
877,877,877,-0.2678334463539549
878,878,878,-0.7248952010834864
879,879,879,-0.4511076117848649
880,880,880,0.030250480878980978
881,881,881,-0.14217083945345985
882,882,882,-0.13779743309126874
883,883,883,-0.11912061660408471
884,884,884,-0.2350883821965654
885,885,885,-0.11982858392747503
886,886,886,-0.13385825886648484
887,887,887,0.03391245549041183
888,888,888,0.4433864236457628
889,889,889,0.29064313786989526
890,890,890,0.14426462250465794
891,891,891,-0.020553189747260225
892,892,892,0.18038310993387502
893,893,893,0.17816718697342743
894,894,894,0.502442868150647
895,895,895,0.20930988839716747
896,896,896,0.3045951950370234
897,897,897,0.192883722991341
898,898,898,0.8798009590719514
899,899,899,0.27722274065479124
900,900,900,0.23088325293563394
901,901,901,0.9838482825839807
902,902,902,0.832010508984397
903,903,903,0.9310078306937482
904,904,904,0.46568105094561657
905,905,905,0.5588876655471652
906,906,906,0.9581742744335816
907,907,907,0.8795307551039565
908,908,908,0.43657399236553684
909,909,909,0.7683822995852704
910,910,910,1.1782106041981555
911,911,911,0.8022053850168323
912,912,912,0.6710844765572287
913,913,913,0.46989274766457967
914,914,914,0.633346435281387
915,915,915,0.7242677503050609
916,916,916,0.9069275715373777
917,917,917,0.652431095553065
918,918,918,0.9754899471491429
919,919,919,0.8100342481177336
920,920,920,1.0135289995539314
921,921,921,0.6104462818366185
922,922,922,0.38468283708669837
923,923,923,0.45170778739914036
924,924,924,1.075167663139438
925,925,925,0.2134390639480983
926,926,926,0.5132194901596686
927,927,927,0.8136364876867962
928,928,928,0.3133696649694066
929,929,929,0.46424689020550663
930,930,930,0.5228232188096471
931,931,931,0.14162087762496844
932,932,932,0.14085866912039696
933,933,933,0.2537630539385435
934,934,934,0.19626278257831872
935,935,935,0.5503351317461269
936,936,936,0.2981611582096068
937,937,937,0.1145395990760924
938,938,938,-0.14894971328430917
939,939,939,0.2352563907959122
940,940,940,-0.16038425885066074
941,941,941,0.010980565560207559
942,942,942,0.31626100387398415
943,943,943,-0.5453925341807715
944,944,944,-0.3124231901053248
945,945,945,-0.4272330377890356
946,946,946,-1.0265292917526012
947,947,947,-0.0436898108293661
948,948,948,-0.5317695602414948
949,949,949,-0.27179704116469205
950,950,950,-0.3887789501622701
951,951,951,-0.5929047998259742
952,952,952,-0.6660886778039098
953,953,953,-0.7756675932163157
954,954,954,-0.8803649431481197
955,955,955,-0.9952927666801663
956,956,956,-0.788752891378824
957,957,957,-0.8725014887438474
958,958,958,-0.9271821640885215
959,959,959,-1.055054855099406
960,960,960,-0.7336373817922162
961,961,961,-1.1971985952115567
962,962,962,-1.0002419244549756
963,963,963,-1.0052768011808828
964,964,964,-0.8893459009388178
965,965,965,-1.3040650643038159
966,966,966,-1.0414059095409522
967,967,967,-0.8865718387175272
968,968,968,-0.9612813749050579
969,969,969,-1.1329450577426414
970,970,970,-1.3479203175376213
971,971,971,-1.4902623980845862
972,972,972,-1.4413341998837153
973,973,973,-1.4690270428822507
974,974,974,-1.227173356223593
975,975,975,-1.319471207782351
976,976,976,-1.0545114794298083
977,977,977,-1.661346098321937
978,978,978,-1.1099161812781988
979,979,979,-0.8443448923127479
980,980,980,-0.9103172876747163
981,981,981,-1.1741850601860344
982,982,982,-1.29556693262166
983,983,983,-1.4967896612445932
984,984,984,-1.1783399067886253
985,985,985,-1.0849916989838762
986,986,986,-0.8310634237742283
987,987,987,-0.7141719527172194
988,988,988,-0.7770378123298622
989,989,989,-1.1025550369114434
990,990,990,-0.9635587691671914
991,991,991,-0.6027597012868697
992,992,992,-0.553077197042344
993,993,993,-0.7638190523377411
994,994,994,-0.5198999208096622
995,995,995,-0.9497786222259541
996,996,996,-0.7299863456135094
997,997,997,-0.4675049264690315
998,998,998,-0.3152070281523876
999,999,999,-0.6438801183416571
1000,1000,1000,0.06562988982921686
1001,1001,1001,-0.19941557131905763
1002,1002,1002,-0.07262764156009752
1003,1003,1003,0.09155367864220831
1004,1004,1004,0.010532032690143855
1005,1005,1005,0.5300181230720225
1006,1006,1006,0.3375334126846962
1007,1007,1007,0.491995979041294
1008,1008,1008,0.06182022942533044
1009,1009,1009,0.7797712667094996
1010,1010,1010,0.5766432042905759
1011,1011,1011,0.6687176985106316
1012,1012,1012,0.8847177085427479
1013,1013,1013,0.31423976806050646
1014,1014,1014,1.0209108996309155
1015,1015,1015,0.8781124260711808
1016,1016,1016,0.8906061575419575
1017,1017,1017,0.8132636827640951
1018,1018,1018,0.7974128192024794
1019,1019,1019,0.6274659410152765
1020,1020,1020,0.7581011132457878
1021,1021,1021,0.931443601170629
1022,1022,1022,0.6715158746949866
1023,1023,1023,0.4314702628156513
1024,1024,1024,0.6767369535908081
1025,1025,1025,0.36291798595498803
1026,1026,1026,0.5320975075536906
1027,1027,1027,0.3760739026871118
1028,1028,1028,0.26800703413003624
1029,1029,1029,0.19097168229971068
1030,1030,1030,-0.4109952255721143
1031,1031,1031,-0.12689772589716625
1032,1032,1032,0.05544270925022525
1033,1033,1033,-0.19029415859633378
1034,1034,1034,-0.2716468614427462
1035,1035,1035,-0.6302989862334023
1036,1036,1036,-0.29147762887673023
1037,1037,1037,-0.4284447443484527
1038,1038,1038,-1.0317632808810586
1039,1039,1039,-0.9812853912332395
1040,1040,1040,-0.7808764473937962
1041,1041,1041,-1.2241323295740543
1042,1042,1042,-0.9868295274822692
1043,1043,1043,-1.2969775658409235
1044,1044,1044,-0.8016868700399487
1045,1045,1045,-1.6487620743681481
1046,1046,1046,-1.1725503563324788
1047,1047,1047,-0.988214107307662
1048,1048,1048,-0.9993386607945114
1049,1049,1049,-1.23393683305853
1050,1050,1050,-1.4355059889926087
1051,1051,1051,-1.3881628278237188
1052,1052,1052,-0.9712649531645092
1053,1053,1053,-1.354618333026166
1054,1054,1054,-0.6355730018117336
1055,1055,1055,-0.8534875610140642
1056,1056,1056,-1.2671751412111538
1057,1057,1057,-0.5593125277634021
1058,1058,1058,-0.8525050055057273
1059,1059,1059,-0.5367220222312801
1060,1060,1060,-0.4517279056587067
1061,1061,1061,-0.7373190791508549
1062,1062,1062,-0.2463399416339306
1063,1063,1063,0.1666700804283106
1064,1064,1064,-0.3493859093760019
1065,1065,1065,-0.4596444497396492
1066,1066,1066,-0.034581769392245054
1067,1067,1067,-0.099989156151296
1068,1068,1068,0.2664110782811655
1069,1069,1069,0.2835764840188316
1070,1070,1070,0.3512235709610304
1071,1071,1071,0.4547545849337857
1072,1072,1072,0.5917965759068649
1073,1073,1073,0.599683380313331
1074,1074,1074,0.9528313846569818
1075,1075,1075,0.49491038604870674
1076,1076,1076,0.7836049598452596
1077,1077,1077,1.0722321613656345
1078,1078,1078,0.872924481714152
1079,1079,1079,0.9431228603108945
1080,1080,1080,0.7639186831033277
1081,1081,1081,0.8278417856778978
1082,1082,1082,0.5902150303150122
1083,1083,1083,0.6706712120954149
1084,1084,1084,0.6889129694135058
1085,1085,1085,0.829164955497202
1086,1086,1086,-0.055069270940411585
1087,1087,1087,0.1325125019840937
1088,1088,1088,0.17553391719287192
1089,1089,1089,0.5587695434662884
1090,1090,1090,0.17965076002782626
1091,1091,1091,0.43162476703223984
1092,1092,1092,0.17992426898814795
1093,1093,1093,0.01802155188944457
1094,1094,1094,0.14771827692672007
1095,1095,1095,-0.19623486680687735
1096,1096,1096,-0.5689873464563531
1097,1097,1097,-0.30095601408225015
1098,1098,1098,-0.8316614157629958
1099,1099,1099,-0.5089170058267831
1100,1100,1100,-0.4717105860183611
1101,1101,1101,-0.9609391975829604
1102,1102,1102,-0.7382054887244995
1103,1103,1103,-0.7311802698803231
1104,1104,1104,-1.0615467784746921
1105,1105,1105,-1.1772292311392452
1106,1106,1106,-0.9921091568883839
1107,1107,1107,-0.43308895037594436
1108,1108,1108,-1.2716534721099366
1109,1109,1109,-1.2413517794235136
1110,1110,1110,-1.2771848771567986
1111,1111,1111,-0.8526521605717193
1112,1112,1112,-1.0582721041342635
1113,1113,1113,-1.2198332888330548
1114,1114,1114,-1.276175532927939
1115,1115,1115,-1.1997019635334545
1116,1116,1116,-0.8729556946209157
1117,1117,1117,-1.200950068655712
1118,1118,1118,-0.6338711606784047
1119,1119,1119,-0.6619647302556035
1120,1120,1120,-0.690528794764246
1121,1121,1121,-0.4504944835804052
1122,1122,1122,-0.5526972343899939
1123,1123,1123,-0.7773821691056954
1124,1124,1124,0.15832465302802987
1125,1125,1125,-0.5568632727162327
1126,1126,1126,0.030882610921293616
1127,1127,1127,-0.23321298277520158
1128,1128,1128,0.23461103759572155
1129,1129,1129,0.09112272465982274
1130,1130,1130,0.11298757287793715
1131,1131,1131,0.20497347753466
1132,1132,1132,0.6833106920646841
1133,1133,1133,0.08343254658730942
1134,1134,1134,0.8025345346808881
1135,1135,1135,0.8446499543384683
1136,1136,1136,0.9515368276607211
1137,1137,1137,0.7791294355434434
1138,1138,1138,0.7770206210614883
1139,1139,1139,0.7836576144971208
1140,1140,1140,0.4222273041848946
1141,1141,1141,0.6049162546832487
1142,1142,1142,0.7829525258821106
1143,1143,1143,0.6441585613679947
1144,1144,1144,0.2612430310911266
1145,1145,1145,0.6141355716446963
1146,1146,1146,0.5316551220330303
1147,1147,1147,0.523118533634073
1148,1148,1148,0.4276053527343677
1149,1149,1149,0.9844284917421162
1150,1150,1150,0.3216775840837375
1151,1151,1151,0.37436289305883114
1152,1152,1152,0.2338960957518842
1153,1153,1153,-0.4679549597769096
1154,1154,1154,0.45814933242089684
1155,1155,1155,-0.23300364042001376
1156,1156,1156,-0.21081693366706838
1157,1157,1157,0.03217232802942703
1158,1158,1158,-0.012926285689806555
1159,1159,1159,-0.4974641946888602
1160,1160,1160,-0.6431061901850883
1161,1161,1161,-0.8498113605799704
1162,1162,1162,-0.7460018690067385
1163,1163,1163,-0.9293769472852283
1164,1164,1164,-0.8403093548422733
1165,1165,1165,-0.290466179085276
1166,1166,1166,-1.3974141316052
1167,1167,1167,-0.759031595100061
1168,1168,1168,-0.964169224612543
1169,1169,1169,-1.2437471357762613
1170,1170,1170,-1.1324413868686145
1171,1171,1171,-1.5077067474931338
1172,1172,1172,-0.9831012175025278
1173,1173,1173,-1.3149335707100684
1174,1174,1174,-1.4980869904241425
1175,1175,1175,-1.3374098716343612
1176,1176,1176,-1.3007324974186125
1177,1177,1177,-0.9668236261697777
1178,1178,1178,-1.0896381745602959
1179,1179,1179,-0.9887220251916158
1180,1180,1180,-0.846175187723677
1181,1181,1181,-1.1465439477083206
1182,1182,1182,-0.9878843885880755
1183,1183,1183,-0.8110534715633502
1184,1184,1184,-0.5141823579128219
1185,1185,1185,-0.6560413816628656
1186,1186,1186,-0.6413630141173485
1187,1187,1187,-0.16534547939401006
1188,1188,1188,-0.3482397110829957
1189,1189,1189,-0.5731720388662898
1190,1190,1190,-0.33914938963106167
1191,1191,1191,-0.5089102325012135
1192,1192,1192,0.215838467783117
1193,1193,1193,0.20313964700210574
1194,1194,1194,0.6284159317646343
1195,1195,1195,0.4430258400910862
1196,1196,1196,0.30924838335043675
1197,1197,1197,0.7222544300826998
1198,1198,1198,0.3400072300846063
1199,1199,1199,0.43657281678545407
1200,1200,1200,1.1356119238041578
1201,1201,1201,0.6496092589514078
1202,1202,1202,0.7719407247044501
1203,1203,1203,1.0486027746063145
1204,1204,1204,0.8051218889472113
1205,1205,1205,1.0853700272365496
1206,1206,1206,0.9211155582816546
1207,1207,1207,0.6278374387531785
1208,1208,1208,0.652325721278063
1209,1209,1209,0.6989221561323652
1210,1210,1210,1.1078508030531862
1211,1211,1211,0.3667070522314493
1212,1212,1212,0.49200042844220626
1213,1213,1213,0.5390115612785504
1214,1214,1214,0.3274337697413813
1215,1215,1215,-0.13168976352140827
1216,1216,1216,-0.11015932787207572
1217,1217,1217,0.3067061949323773
1218,1218,1218,0.174267972991149
1219,1219,1219,-0.45140418829310003
1220,1220,1220,-0.12865150221337207
1221,1221,1221,-0.20073877559204564
1222,1222,1222,-0.8775689755737861
1223,1223,1223,-0.44429032695320003
1224,1224,1224,-0.7869130315424065
1225,1225,1225,-0.46530076164262024
1226,1226,1226,-0.9199311889789766
1227,1227,1227,-0.868089361779629
1228,1228,1228,-0.8284140640122515
1229,1229,1229,-0.7973205743342431
1230,1230,1230,-1.2145474404017031
1231,1231,1231,-0.9995455676432924
1232,1232,1232,-1.3870477744012464
1233,1233,1233,-0.9383126671564541
1234,1234,1234,-1.0495500889060416
1235,1235,1235,-1.1347790501103132
1236,1236,1236,-1.2356065931835252
1237,1237,1237,-0.913469748927615
1238,1238,1238,-1.5006084619721303
1239,1239,1239,-0.7848145700305453
1240,1240,1240,-1.1120338222414545
1241,1241,1241,-0.9931104527878156
1242,1242,1242,-0.8153151342456132
1243,1243,1243,-0.8271981880393048
1244,1244,1244,-1.0629361492432605
1245,1245,1245,-0.8176361325124959
1246,1246,1246,-0.7612327573423658
1247,1247,1247,-0.6929188529463679
1248,1248,1248,-0.9463363299176033
1249,1249,1249,-0.8616565201125466
1250,1250,1250,-0.44840599891592947
1251,1251,1251,-0.22387061466337904
1252,1252,1252,-0.3297676456065421
1253,1253,1253,-0.3840087245869831
1254,1254,1254,-0.2869218357954668
1255,1255,1255,0.21565966500653871
1256,1256,1256,0.1372839088128504
1257,1257,1257,0.431892889932884
1258,1258,1258,0.5463992165551087
1259,1259,1259,0.4270601137838965
1260,1260,1260,0.8052349643524993
1261,1261,1261,0.5493881164444256
1262,1262,1262,0.8024953823029368
1263,1263,1263,0.8481143452228781
1264,1264,1264,0.8448416319456127
1265,1265,1265,1.0726237336389859
1266,1266,1266,1.421178338470918
1267,1267,1267,0.4143192482202711
1268,1268,1268,0.8166565842870002
1269,1269,1269,0.639164237170154
1270,1270,1270,0.6795559370523722
1271,1271,1271,0.5958500224542359
1272,1272,1272,0.7509121583465683
1273,1273,1273,0.29849186799926364
1274,1274,1274,0.7079150964747685
1275,1275,1275,0.13593940277303906
1276,1276,1276,0.2120572509411479
1277,1277,1277,-0.11891295952787406
1278,1278,1278,0.4755530991054464
1279,1279,1279,0.02477972251763244
1280,1280,1280,-0.3349635984042758
1281,1281,1281,0.13715176736855753
1282,1282,1282,-0.33842202171777996
1283,1283,1283,-0.21316403296661562
1284,1284,1284,-0.27429238083597246
1285,1285,1285,-0.471164418867452
1286,1286,1286,-0.43750255366602614
1287,1287,1287,-0.3783707468738493
1288,1288,1288,-0.8922129046023722
1289,1289,1289,-1.0638680537762109
1290,1290,1290,-1.1665042001835288
1291,1291,1291,-1.0832655939027003
1292,1292,1292,-1.0514025960792706
1293,1293,1293,-1.0560548566111994
1294,1294,1294,-0.5702476064849311
1295,1295,1295,-1.1519810360774858
1296,1296,1296,-1.0571646025268855
1297,1297,1297,-1.18210003958575
1298,1298,1298,-1.487918860185169
1299,1299,1299,-1.1135220674854702
1300,1300,1300,-0.7778822803040468
1301,1301,1301,-0.9829711894662521
1302,1302,1302,-1.3158089166267666
1303,1303,1303,-0.995404444591613
1304,1304,1304,-1.0129499605178913
1305,1305,1305,-1.3281803394390643
1306,1306,1306,-1.3020580815029232
1307,1307,1307,-1.2321136818320135
1308,1308,1308,-0.5284235878612645
1309,1309,1309,-0.8926485877370341
1310,1310,1310,-0.5928914885845371
1311,1311,1311,-0.3728385418396426
1312,1312,1312,-0.6951614642105526
1313,1313,1313,-0.5129762379151489
1314,1314,1314,-0.32922767214491483
1315,1315,1315,-0.20147220298459284
1316,1316,1316,0.08439539360990789
1317,1317,1317,0.04093243844069837
1318,1318,1318,0.5521108952142881
1319,1319,1319,0.779119937267719
1320,1320,1320,0.21499040452201923
1321,1321,1321,0.3558587548787589
1322,1322,1322,0.6489064408895517
1323,1323,1323,0.8017931388540609
1324,1324,1324,0.3721037407912356
1325,1325,1325,0.9884057955143188
1326,1326,1326,0.8721301794417071
1327,1327,1327,0.7914638854864958
1328,1328,1328,1.1248708550731994
1329,1329,1329,0.8053340198724235
1330,1330,1330,0.6025559733686259
1331,1331,1331,0.8518290317557252
1332,1332,1332,0.9364853384429335
1333,1333,1333,0.6519666458941262
1334,1334,1334,1.0388372487251516
1335,1335,1335,0.5956873075306314
1336,1336,1336,0.09655193105494175
1337,1337,1337,0.33495239572716917
1338,1338,1338,0.06674210854564167
1339,1339,1339,0.2412441747477218
1340,1340,1340,0.2928469752935696
1341,1341,1341,0.4914705940815025
1342,1342,1342,0.29928384097055216
1343,1343,1343,-0.4570672963643966
1344,1344,1344,0.5266651788600429
1345,1345,1345,-0.2948724355324893
1346,1346,1346,-0.43069047035598634
1347,1347,1347,-0.4889033219619534
1348,1348,1348,-0.23319144607116835
1349,1349,1349,-0.5943421107905564
1350,1350,1350,-0.9822207724745622
1351,1351,1351,-1.1471248519273045
1352,1352,1352,-0.9746322908352111
1353,1353,1353,-0.9205151179799926
1354,1354,1354,-1.532567143225804
1355,1355,1355,-0.9017341560022369
1356,1356,1356,-1.206097301941785
1357,1357,1357,-1.9016780726253428
1358,1358,1358,-1.1224103445969784
1359,1359,1359,-1.0590106454520907
1360,1360,1360,-1.2231317577013823
1361,1361,1361,-1.0758549733956428
1362,1362,1362,-1.3421342443030726
1363,1363,1363,-1.3126263609713682
1364,1364,1364,-0.8941982515634987
1365,1365,1365,-0.8535810638098764
1366,1366,1366,-0.7458964434421831
1367,1367,1367,-1.170410185123358
1368,1368,1368,-1.3269916482306585
1369,1369,1369,-0.7668259079011008
1370,1370,1370,-0.7985329080360902
1371,1371,1371,-0.5875244753831885
1372,1372,1372,-0.77394958210881
1373,1373,1373,-0.6706145795488201
1374,1374,1374,-0.2659843520504886
1375,1375,1375,-0.13468536377179718
1376,1376,1376,-0.01611611409651237
1377,1377,1377,-0.21411175418618317
1378,1378,1378,0.020091892686926238
1379,1379,1379,0.06698680409875568
1380,1380,1380,0.04468921298973355
1381,1381,1381,0.4441432229144662
1382,1382,1382,0.3293034509734688
1383,1383,1383,0.2858778833259929
1384,1384,1384,0.35260687087945775
1385,1385,1385,0.6104844208651307
1386,1386,1386,0.5872300246796496
1387,1387,1387,0.8913685779432479
1388,1388,1388,0.2968024447296266
1389,1389,1389,0.7916565291716682
1390,1390,1390,0.9153443853034775
1391,1391,1391,0.6411433905687298
1392,1392,1392,0.6245216266862614
1393,1393,1393,0.8881627633285982
1394,1394,1394,0.4738787510333341
1395,1395,1395,0.5777375895162333
1396,1396,1396,0.8308222023657598
1397,1397,1397,0.7665285647010187
1398,1398,1398,0.3559160908402936
1399,1399,1399,0.6395446729679941
1400,1400,1400,0.48567645518408714
1401,1401,1401,0.634117041252831
1402,1402,1402,0.5576911150223219
1403,1403,1403,0.15759560560574132
1404,1404,1404,0.31504405196137675
1405,1405,1405,0.06668364190545861
1406,1406,1406,0.08587699761650269
1407,1407,1407,-0.34478593394234747
1408,1408,1408,-0.1083965800123367
1409,1409,1409,-0.4118883736761593
1410,1410,1410,-0.5501633236098412
1411,1411,1411,-0.34198223719173426
1412,1412,1412,-0.5609184347091664
1413,1413,1413,-0.6676290474668188
1414,1414,1414,-0.20696485404060888
1415,1415,1415,-0.6761739433006382
1416,1416,1416,-1.0698107240038084
1417,1417,1417,-0.9210457074560647
1418,1418,1418,-0.7740413535447428
1419,1419,1419,-0.6801357741760237
1420,1420,1420,-1.4773320207167364
1421,1421,1421,-0.828013698822081
1422,1422,1422,-1.1517477719532185
1423,1423,1423,-0.7434991182259161
1424,1424,1424,-0.9638882473228072
1425,1425,1425,-1.3225160237676064
1426,1426,1426,-1.0353109658331672
1427,1427,1427,-1.2614428457661402
1428,1428,1428,-1.3633393697933278
1429,1429,1429,-0.8854032879848652
1430,1430,1430,-0.7703517681273861
1431,1431,1431,-0.7601360164578139
1432,1432,1432,-0.6493187424116106
1433,1433,1433,-1.013144437593199
1434,1434,1434,-0.9218418222590601
1435,1435,1435,-0.5830795523505639
1436,1436,1436,-0.9958393526955713
1437,1437,1437,-0.5263189890681417
1438,1438,1438,-0.4393479984213352
1439,1439,1439,0.027810995474610502
1440,1440,1440,0.0782970290965625
1441,1441,1441,-0.3182991927295487
1442,1442,1442,-0.1367522329108591
1443,1443,1443,0.07531397601025966
1444,1444,1444,0.5641923023905951
1445,1445,1445,0.25533150439257873
1446,1446,1446,0.4068701899656476
1447,1447,1447,0.0711271094845306
1448,1448,1448,0.664722099598056
1449,1449,1449,0.8381524507190985
1450,1450,1450,1.0901388668752827
1451,1451,1451,0.5004557174877918
1452,1452,1452,1.0937619345793888
1453,1453,1453,0.35556954258239903
1454,1454,1454,0.726881903263602
1455,1455,1455,0.7404865248051782
1456,1456,1456,0.767849803817131
1457,1457,1457,0.3057185459003088
1458,1458,1458,0.9849846526974413
1459,1459,1459,0.8972272892529907
1460,1460,1460,1.1793447552537757
1461,1461,1461,0.7574541599544369
1462,1462,1462,0.643260786922473
1463,1463,1463,0.28190308293516714
1464,1464,1464,0.14857973515281198
1465,1465,1465,0.6374994936979602
1466,1466,1466,0.3019711052826699
1467,1467,1467,-0.21871060595267333
1468,1468,1468,0.020855778920367274
1469,1469,1469,0.1104242412022195
1470,1470,1470,-0.030165585358745084
1471,1471,1471,-0.21735617145365194
1472,1472,1472,-0.2905001860104951
1473,1473,1473,-0.3714379302261551
1474,1474,1474,-0.3832591668120092
1475,1475,1475,-0.36312546862478934
1476,1476,1476,-0.14352537841352042
1477,1477,1477,-1.0907377261871898
1478,1478,1478,-0.9861876522181265
1479,1479,1479,-0.5598818848043852
1480,1480,1480,-0.9818068459848476
1481,1481,1481,-0.7587399164298252
1482,1482,1482,-0.9978017469447963
1483,1483,1483,-1.332035226839827
1484,1484,1484,-1.20638962283232
1485,1485,1485,-1.296357788537435
1486,1486,1486,-1.0543011310607613
1487,1487,1487,-1.0680149873022178
1488,1488,1488,-1.05257520838058
1489,1489,1489,-1.1631344322986763
1490,1490,1490,-1.5727976898037137
1491,1491,1491,-0.9224507145748603
1492,1492,1492,-1.1520263943609828
1493,1493,1493,-0.9588773427497846
1494,1494,1494,-0.8261044022824549
1495,1495,1495,-1.212352932495504
1496,1496,1496,-0.6172509336694102
1497,1497,1497,-0.8855376851798278
1498,1498,1498,-0.36406531879120807
1499,1499,1499,-0.3183966245310348
